상품명,최고금리,상품유형,가입기간,가입금액,재예치,분할해지,만기예금 편리입금서비스,예금담보대출,예금자보호,세제혜택,이자계산방법[세전],중도해지이율,휴면예금출연,가입대상,분할인출,만기이자계산방법,예금만기,만기예금편리입금서비스,판매좌수,일부해지,"이자계산방법[세전, 연단위]",부가서비스,"만기이자계산방법[세전, 연단위]",원금 및이자지급방법,저축방법 및 저축금액,세제관련,만기이자계산방법[세전],적립방법,저축방법  및 저축금액,재정지원금,복무구분,저축방법 및저축금액,계약기간,저축금액,제휴서비스,만기이자 계산방법,일부인출,만기앞당김 지급,기타,저축금액 및저축방법,저축금액및 저축방법,저축금액 및 저축방법,기본금리,가입자격,최저가입금액,최고가입금액,수수료우대,적용이자율,이자계산기준일,원가일,DIY형 서비스,상품특징,거래 이용매체,우대이율요건,우대금리,예치기간,납입기간,적립 방법 및 금액
국민수퍼정기예금(개인),"연1.10% 2021.09.03 현재, 세전, 36개월 기준고정금리형, 만기이자지급식 기준우대이율 최고 연 0.1%p 포함(자세한 우대이율 제공조건은 상품설명서 참조)",정기예금,"CD금리연동형6개월, 1년, 2년, 3년", 1백만원 이상  원 단위. 신규계좌를 포함하여 30회까지 가능 ,불가능,"가능가능. 고정금리형, 계좌별로 3회(해지 포함)까지 총 15회",가능,가능 계좌잔액의 95%까지 가능 ,가능원금과 이자 포함 1인당 최고 5천만원까지 가능,가능비과세종합저축으로 가입 가능,불가능, 최저 연 0.1% , 만기일 또는 최종거래일 이후 5년이상 경과 시 ‘서민금융진흥원’으로 출연 ,,,,,,,,,,,,,,,,,,,,,,,,,,,,,,,,,,,,,,,,,,,,,
KB Star 정기예금," 최고금리  연 1.32%  2021.09.06 현재, 세전, 36개월기준신규(또는 재예치)일 당시 영업점 및 인터넷 홈페이지(www.kbstar.com)에 고시한 계약기간별   「고객적용이율」 적용", 상품유형  정기예금 , 가입기간  1개월이상36개월이하 월단위 , 가입금액  1백만원 이상추가입금 불가," 재예치 가능자동재예치(원금), 자동재예치(원금+이자) 선택가능",,, 예금담보대출 가능계좌잔액의 95%까지 가능, 예금자보호 가능원금과 이자 포함 1인당 최고 5천만원까지 가능, 세제혜택 가능비과세종합저축으로 가입 가능,, 중도해지이율  최저 연 0.1% , 휴면예금출연  만기일 또는 최종거래일 이후 5년 이상 경과 시 ‘서민금융진흥원’으로 출연, 가입대상  개인 및 개인사업자 , 분할인출 가능가입일로부터 1개월이상 경과된 계좌에 한하여 계좌별 3회(해지포함)까지 일부 금액 인출 가능, 만기이자계산방법 불가능," 예금만기  만기해지방법 중 자동해지, 자동재예치(원금), 자동재예치(원금+이자) 선택",,,,,,,,,,,,,,,,,,,,,,,,,,,,,,,,,,,,,,,,,
KB국민UP정기예금,"연1.10% 2021.09.03 현재, 세전, 11개월 초과 ~ 12개월 이하우대이율 최고 연 0.2%p 포함(자세한 우대이율 제공조건은 상품설명서 참조)",정기예금,12개월 , 개인(개인사업자 포함) : 3백만원 이상법인 및 임의단체 : 3천만원 이상,불가능,가능가능. 예치기간 만기(또는 중도)해지 포함 3회 이내,,가능 계좌잔액의 95%까지 가능 ,가능원금과 이자 포함 1인당 최고 5천만원까지 가능,가능비과세종합저축으로 가입 가능,불가능, 최저 연 0.1% , 만기일 또는 최종거래일 이후 5년이상 경과 시 ‘서민금융진흥원’으로 출연 ,"제한 없음 단, 금융기관은 제외",,,,가능,,,,,,,,,,,,,,,,,,,,,,,,,,,,,,,,,,,,,,,,
KB Green Wave 1.5℃ 정기예금," 연 1.40%(12개월) ㆍ2021.09.03 현재, 세전, 1년제 기준 ㆍ우대이율 최고 연 0.45%p 포함 (자세한 우대이율 제공조건은 상품설명서 참조)",정기예금,1년제,1백만원 이상 1천만원 이하총 10만좌ㆍ10만좌 가입 시 판매종료불가능불가능가능가능ㆍ계좌잔액의 95%까지 가능가능ㆍ원금과 이자 포함 1인당 최고 5천만원까지 가능비과세종합저축으로 가입 가능불가능최저 연 0.1%만기일 또는 최종거래일 이후 5년 이상 경과 시 ‘서민금융진흥원’ 출연,불가능,,,가능ㆍ계좌잔액의 95%까지 가능,가능ㆍ원금과 이자 포함 1인당 최고 5천만원까지 가능,비과세종합저축으로 가입 가능,,최저 연 0.1%,만기일 또는 최종거래일 이후 5년 이상 경과 시 ‘서민금융진흥원’ 출연,,,불가능,,가능,총 10만좌ㆍ10만좌 가입 시 판매종료,불가능,,,,,,,,,,,,,,,,,,,,,,,,,,,,,,,,,,,,,,
KB국민첫재테크예금,"연1.15% 2021.09.03 현재, 세전, 12개월 기준우대이율 최고 연 0.2%p 포함(자세한 우대이율 제공조건은 상품설명서 참조)",정기예금,"6개월, 12개월 "," 1백만원 이상2천만원 이하 원 단위. 1인 다계좌 가입 가능하나, 1인당 가입한도 2천만원 이하 ",가능가능. 계약기간과 동일하게 최장 3년(최초 계약기간 포함),가능가능. 자동재예치된 계좌에 한해 만기(또는 중도) 해지를 포함하여 총 3회까지,,가능 계좌잔액의 95%까지 가능 ,가능원금과 이자 포함 1인당 최고 5천만원까지 가능,가능비과세종합저축으로 가입 가능,불가능, 최저 연 0.1% , 만기일 또는 최종거래일 이후 5년이상 경과 시 ‘서민금융진흥원’으로 출연 ,만18세 이상~만38세 이하 개인 공동명의 가입 불가,,,,불가능,,,,,,,,,,,,,,,,,,,,,,,,,,,,,,,,,,,,,,,,
KB증권 공모주 1.5배 정기예금,"연1.30% 2021.09.03 현재, 세전, 1년제 기준우대이율 최고 연 0.30%p 포함(자세한 우대이율 제공조건은 상품설명서 참조)",정기예금,1년제 , 5백만원 이상  원 단위 ,불가능,가능 만기(또는 중도)해지 포함 총 3회 까지 가능 ,,가능 계좌잔액의 95%까지 가능 ,가능원금과 이자 포함 1인당 최고 5천만원까지 가능,가능비과세종합저축으로 가입 가능,불가능, 최저 연 0.1% , 만기일 또는 최종거래일 이후 5년이상 경과 시 ‘서민금융진흥원’으로 출연 ,,,,,가능,,,,,,,,,,,,,,,,,,,,,,,,,,,,,,,,,,,,,,,,
KB펀드와만나는예금,"연1.15% 2021.09.03 현재, 세전, 36개월이자만 펀드로, 펀드로 10 기준",,6개월 이상 36개월 이하  월단위 , 3백만원 이상 ,불가능,불가능,"가능단, 이자만 펀드로에 한함",가능 계좌잔액의 95%까지 가능 ,가능원금과 이자 포함 1인당 최고 5천만원까지 가능,가능비과세종합저축으로 가입 가능,불가능, 최저 연 0.1% , 만기일 또는 최종거래일 이후 5년이상 경과 시 ‘서민금융진흥원’으로 출연 ,개인 및 개인사업자,,,,,,,,,,,,,,,,,,,,,,,,,,,,,,,,,,,,,,,,,,,,
KB 더블모아 예금,"연1.55% (12개월)  2021.09.03 현재, 세전, 12개월 기준우대이율 최고 연 0.70%p 포함(자세한 우대이율 제공조건은 상품설명서 참조)",정기예금,12개월 , 1천만원 이상 4천만원 이하  원 단위 ,불가능,,,가능 계좌잔액의 95%까지 가능 ,가능원금과 이자 포함 1인당 최고 5천만원까지 가능, 비과세종합저축으로 가입 가능,, 최저 연 0.1% , 만기일 또는 최종거래일 이후 5년이상 경과 시 ‘서민금융진흥원’으로 출연 ,,,불가능,,,,불가능,,,,,,,,,,,,,,,,,,,,,,,,,,,,,,,,,,,,,,
KB골든라이프연금우대예금,"연1.20% 2021.09.03 현재, 세전, 12개월 기준우대이율 최고 연 0.2%p 포함(자세한 우대이율 제공조건은 상품설명서 참조)",정기예금,원금균등분할지급식  1년 이상 10년 이하(연 단위) , 1천만원 이상  원 단위. ,불가능,불가능,불가능,가능 계좌잔액의 95%까지 가능 ,가능원금과 이자 포함 1인당 최고 5천만원까지 가능,가능비과세종합저축으로 가입 가능,, 최저 연 0.1% , 만기일 또는 최종거래일 이후 5년이상 경과 시 ‘서민금융진흥원’으로 출연 ,실명의 개인  개인사업자 및 관련서류 미제출 임의단체 포함,,,,,,,불가능,,,,,,,,,,,,,,,,,,,,,,,,,,,,,,,,,,,,,
일반정기예금,"연0.95% 2021.09.03 현재, 세전, 36개월 기준",정기예금,1개월 이상 60개월 이하 일 단위/월 단위,10만원 이상  원 단위. 추가입금 불가 ,불가능,불가능,가능,가능 계좌잔액의 95%까지 가능 ,가능원금과 이자 포함 1인당 최고 5천만원까지 가능,가능비과세종합저축으로 가입 가능,불가능, 최저 연 0.1% , 만기일 또는 최종거래일 이후 5년이상 경과 시 ‘서민금융진흥원’으로 출연 ,,,,,,,,,,,,,,,,,,,,,,,,,,,,,,,,,,,,,,,,,,,,,
KB Young Youth  증여예금,"연1.10% 2021.09.03 현재, 세전, 12개월 기준우대이율 최고 연 0.1%p 포함(자세한 우대이율 제공조건은 상품설명서 참조)",정기예금,1년 이상 10년 이하  연 단위 , 3백만원 이상  원 단위. 추가입금 불가 ,불가능,,,가능 계좌잔액의 95%까지 가능 ,가능원금과 이자 포함 1인당 최고 5천만원까지 가능,가능비과세종합저축으로 가입 가능,, 최저 연 0.1% , 만기일 이후 5년이상 경과 시 ‘서민금융진흥원’으로 출연 ,,,,,불가능,,불가능,, 증여세 신고대행 수수료 면제 서비스  (자세한 우대이율 제공조건은 상품설명서 참조)  ,불가능, 원금일시지급식 / 원금균등분할지급식 중 선택 ,,,,,,,,,,,,,,,,,,,,,,,,,,,,,,,,,,
국민수퍼정기예금 (CD금리연동형),"연1.10% 2021.09.03 현재, 세전, 36개월 기준고정금리형, 영업점장 최고금리, 만기일시 기준우대이율 최고 연 0.1%p 포함(자세한 우대이율 제공조건은 상품설명서 참조)",정기예금,"CD금리연동형6개월, 1년, 2년, 3년", 1백만원 이상  원 단위. 신규계좌를 포함하여 30회까지 가능 ,불가능,"가능가능. 고정금리형, 계좌별로 3회(해지 포함)까지 총 15회",가능,가능 계좌잔액의 95%까지 가능 ,가능원금과 이자 포함 1인당 최고 5천만원까지 가능,가능비과세종합저축으로 가입 가능,불가능, 최저 연 0.1% , 만기일 또는 최종거래일 이후 5년이상 경과 시 ‘서민금융진흥원’으로 출연 ,,,,,,,,,,,,,,,,,,,,,,,,,,,,,,,,,,,,,,,,,,,,,
KB내맘대로적금,"정액적립식: 연2.25%자유적립식: 연2.20% 2021.09.06 현재, 세전, 36개월 기준우대이율 최고 연 0.6%p 포함(자세한 우대이율 제공조건은 상품설명서 참조)", 정액/자유적립식, 6개월 이상~36개월 이하  월단위/일단위 ※일단위 계약기간은 자유적립식만 가능 ,," ㅇ 단, 비대면채널을 통해 자유적립식 예금만 신청가능",,가능,가능 계좌잔액의 95%까지 가능 ,가능원금과 이자 포함 1인당 최고 5천만원까지 가능,,, 최저 연 0.1% , 만기일 이후 5년이상 경과 시 ‘서민금융진흥원’으로 출연 ,,,,,,,불가능,,,,,- 정액적립: 월 1만원 이상 - 자유적립: 월1만원~3백만원 ,비과세종합저축으로 가입 가능,- 자유적립식 : 입금금액 × 약정이율 × 일수(입금일~만기일 전일)/365※ 입금금액마다 입금일부터 만기일 전일까지의 기간에 대하여 약정이율로 계산한 이자를 합계(원미만 절사)- 정액적립식 : {월저축금 × 계약월수 × (계약월수+1)/2} × (연이율/12) ,,,,,,,,,,,,,,,,,,,,,,,,,,,,,,,
직장인우대적금,"연2.20% 2021.09.06 현재, 세전, 3년 기준우대이율 최고 연 0.5%p 포함(자세한 우대이율 제공조건은 상품설명서 참조)",정액적립식,"1년제, 2년제, 3년제 ",,불가능 ,,가능,가능 계좌잔액의 95%까지 가능 ,가능원금과 이자 포함 1인당 최고 5천만원까지 가능,,, 최저 연 0.1% , 만기일 이후 5년이상 경과 시 ‘서민금융진흥원’으로 출연 ,,,,,,,불가능,,,,,,비과세종합저축으로 가입 가능,- 정액적립분 : {월저축금 × 계약월수 × (계약월수+1)/2} × (연이율/12)- 추가적립분 : 입금금액 × 약정이율 × 일수(입금일~만기일 전일)/365※ 입금금액마다 입금일부터 만기일 전일까지의 기간에 대하여 약정이율로 계산한 이자를 합계(원미만 절사),,1만원 이상~3백만원 이하  추가적립 : 월 정액적립금액을 초과한 금액으로 5백만원 이하 원단위 ,,,,,,,,,,,,,,,,,,,,,,,,,,,,,
KB장병내일준비적금,"연5.5% 2021.01.20 현재, 세전, 15-24개월 기준  우대이율 최고 연 0.5%p 포함 (자세한 우대이율 제공조건은 상품설명서 참조)",자유적립식,"6개월 이상-24개월 이하 일단위, 만기일은 고객의 전역예정일(또는 소집해제예정일)이며, 단축연장 할 수 없음. ※ 6개월 미만으로 가입 불가",,불가능,,,가능계좌잔액의 95%까지 가능,가능원금과 이자 포함 1인당 최고 5천만원까지 가능,비과세저축으로만 가입 가능,,최저 연 0.1%,만기일 이후 5년이상 경과 시 ‘서민금융진흥원’으로 출연,,,입금금액마다 약정이율로 계산 ※일수: 입금일부터 만기일 전일까지,,불가능,,불가능,,,,,매월 1천원 이상 20만원 이하ㆍ만기일 전일까지 자유롭게 저축(※1인 1계좌 제한※ ‘장병내일준비적금’ 상품을 판매하는 모든 은행을 합산하여 최대 저축한도는 월 40만원,,,,,"’장병내일준비적금’ 가입자의 목돈 마련 지원을 위해 국가 예산으로 지급되는 장려금. 단, 적금을 해지하는 경우 은행이 지급하는 이자와는 관련 없음(자세한 내용은 상품설명서 참조)",,,,,,,,,,,,,,,,,,,,,,,,,,,,
KB맑은하늘적금," 연 2.35%2021.09.06 현재, 세전, 3년제 기준※ 우대이율 최고 연 1.0%p 포함(자세한 우대이율 제공조건은 상품설명서 참조)", 자유적립식,"1년제, 2년제, 3년제",,불가능,,,가능계좌잔액의 95%까지 가능,가능원금과 이자 포함 1인당 최고 5천만원까지 가능,  비과세종합저축으로 가입 가능,,  최저 연0.1% ,  만기일 이후 5년이상 경과 시 ‘서민금융진흥원’으로 출연,,,  입금금액마다 약정이율로 계산 ※ 일수 : 입금일부터 만기일 전일까지,,가능,,불가능,,  ‘대중교통상해 및 자전거상해’ 관련 ㈜KB손해보험 단체보험 무료 가입※  자세한 내용은 상품설명서 참조,,,,,,,,,,월 1만원 이상 100만원 이하 금액(원 단위)을 자유롭게 저축 만기 전일까지 저축 가능(※ 1인 3계좌 제한),,,,,,,,,,,,,,,,,,,,,,,,,,
KB국민ONE적금(자유적립식),"연1.90% 2021.09.06 현재, 세전, 1년 기준우대이율 최고 연 0.7%p 포함(자세한 우대이율 제공조건은 상품설명서 참조)",자유적립식,1년제  ,,"가능 가입 시 등 재예치를 신청하는 경우에만, 1년 단위로 4회까지 자동 재예치 ",,불가능,가능 계좌잔액의 95%까지 가능 ,가능원금과 이자 포함 1인당 최고 5천만원까지 가능,,, 최저 연 0.1% , 만기일 이후 5년이상 경과 시 ‘서민금융진흥원’으로 출연 ,,,,,,,가능,,,,,,비과세종합저축으로 가입 가능, 입금금액마다 예치기간별 약정이율로 계산 ※ 일수 : 입금일부터 만기일 전일까지 ,," 최초 신규 시 1만원 이상  회차별 1만원 이상 원단위로, 매월3백만원 이내에서 저축 가능 ",,,,,,,,,,,,,,,,,,,,,,,,,,,,,
KB국민행복적금,"정액 적립식: 연 4.85%자유 적립식: 연 3.85% 2020.10.12 현재, 세전, 1년 기준우대이율 최고 연 2.0%p 포함(자세한 우대이율 제공조건은 상품설명서 참조)",정액/자유적립식,1년제  ,,불가능,,가능,가능 계좌잔액의 95%까지 가능 ,가능원금과 이자 포함 1인당 최고 5천만원까지 가능,,, 최저 연 0.1% , 만기일 이후 5년이상 경과 시 ‘서민금융진흥원’으로 출연 ,,,,,,,불가능,,,,, 정액적립:월1만원~50만원이하 자유적립:회차당 1천원 자유적립식: 월 50만원까지 만기 1개월 전까지 저축 가능※ 1인1계좌 제한 ,비과세종합저축으로 가입 가능,- 자유적립식 : 입금금액 × 약정이율 × 일수(입금일~만기일 전일)/365 ※ 입금금액마다 입금일부터 만기일 전일까지의 기간에 대하여  약정이율로 계산한 이자를 합계(원미만 절사)- 정액적립식 : {월저축금 × 계약월수 × (계약월수+1)/2} × (연이율/12) ,,,,,,,,,,,,,,,,,,,,,,,,,,,,,,,
KB두근두근여행적금,"연 1.85% (6개월제)  2021.09.06 현재, 세전   우대이율 최고 연 1.0%p 포함  (자세한 우대이율 제공조건은 상품설명서 참조) ",정액적립식 예금,,,불가능,,,가능계좌잔액의 95%까지 가능, 원금과 이자 포함 1인당 최고 5천만원까지 가능,비과세종합저축으로 가입 가능,, 최저 연 0.1% , 만기일 이후 5년 이상 경과 시 서민금융진흥원으로 출연 ,,,,,가능,,,,,,,,,,,,,,,6개월제,월 5만원 ~ 100만원 (만원 단위),노랑풍선 최대 3만원 & 4% 할인 쿠폰번호 제공 (자세한 내용은 상품설명서 참조) , {월저축금 × 계약월수 × (계약월수+1)/2} × (연이율/12) ,불가능,불가능,  재예치 불가  일부인출 불가  만기앞당김 지급 불가  만기예금 편리입금서비스 가능  예금담보대출은 계좌잔액의 95%까지 가능,,,,,,,,,,,,,,,,,,,
KB마이핏적금,"연2.95%(12개월)ㆍ2021.09.06 현재, 세전, 1년제 기준                         ㆍ우대이율 최고 연 1.6%p 포함                        (자세한 우대이율 제공조건은 상품설명서 참조)",자유적립식 예금,1년제,,불가능,,,가능,가능,비과세종합저축으로 가입 가능,,최저 연 0.1%,만기일 이후 5년 이상 경과 시 ‘서민금융진흥원’으로 출연,,,입금금액마다 약정이율로 계산※ 일수 : 입금일부터 만기일 전일까지,,가능,,불가능,,,,,,,,,,,,,,,,,,,,월 1천원 이상 50만원 이하 금액(원 단위)을 자유롭게 저축만기일 전일까지 저축 가능,월 1천원 이상 50만원 이하 금액(원 단위)을 자유롭게 저축만기일 전일까지 저축 가능,,,,,,,,,,,,,,,,,
KB Young Youth 적금,"연2.40% ㆍ2021.09.06 현재, 세전, 12개월 기준  ㆍ우대이율 최고 연 1.3%p 포함 (자세한 우대이율 제공조건은 상품설명서 참조)",자유적립식,1년,,가능ㆍ신청하는 경우 1년마다 재예치(재예치 불가계좌는 상품설명서 참조) ,,불가능,가능ㆍ계좌잔액의 95%까지 가능,가능ㆍ원금과 이자 포함 1인당 최고 5천만원까지 가능,ㆍ비과세종합저축으로 가입 가능,,ㆍ최저 연 0.1% ,ㆍ만기일 이후 5년이상 경과 시 ‘서민금융진흥원’으로 출연,,,ㆍ입금금액마다 약정이율로 계산 (※ 일수 : 입금일부터 만기일 전일까지),,,,가능ㆍ재예치된 계좌의 재예치금 중 일십만원을 제외하고 계약기간 중 1만원 단위로 총 2회까지 가능,,ㆍ자녀안심보험 가입서비스(자세한 내용은 상품설명서 참조),,,ㆍ신규 : 1만원 이상 ㆍ회차별 1천원 이상 매월 3백만원 이하 저축ㆍ만기일 전일까지 저축 가능(※ 1인1계좌 제한),,,,,,,,,,,,,,,,,,,,,,,,,,,,,,,,,
KB 1코노미 스마트적금,"정액적립식: 연2.40%자유적립식: 연2.30% 2021.09.06 현재, 세전, 36개월 기준우대이율 최고 연 0.6%p 포함(자세한 우대이율 제공조건은 상품설명서 참조)",정액/자유적립식,6개월 이상~36개월 이하  월단위 ,,불가능,,가능,가능 계좌잔액의 95%까지 가능 ,가능원금과 이자 포함 1인당 최고 5천만원까지 가능,,, 최저 연 0.1% , 만기일 이후 5년이상 경과 시 ‘서민금융진흥원’으로 출연 ,,,,,,,불가능,,,,,,비과세종합저축으로 가입 가능,- 자유적립식 : 입금금액 × 약정이율 × 일수(입금일~만기일 전일)/365 ※ 입금금액마다 입금일부터 만기일 전일까지의 기간에 대하여 약정이율로 계산한 이자를 합계(원미만 절사)- 정액적립식 : {월저축금 × 계약월수 × (계약월수+1)/2} × (연이율/12) ,,,,,- 정액적립식 : 월 1만원 이상 - 자유적립식 : 1만원~1백만원  자유적립식: 1인 10계좌 제한 ,,,,,,,,,,,,,,,,,,,,,,,,,,
KB Smart★폰 적금,"연2.35% 2021.09.06 현재, 세전, 36개월 기준우대이율 최고 연 0.9%p 포함(자세한 우대이율 제공조건은 상품설명서 참조)",자유적립식,6개월 이상 ~ 36개월 이하  월단위 ,,불가능,,가능,가능 계좌잔액의 95%까지 가능 ,가능원금과 이자 포함 1인당 최고 5천만원까지 가능,,, 최저 연 0.1% , 만기일 이후 5년이상 경과 시 ‘서민금융진흥원’으로 출연 ,,,,,,,불가능,,,,,,비과세종합저축으로 가입 가능, 입금금액마다 예치기간별 약정이율로 계산 ※ 일수 : 입금일부터 만기일 전일까지 ,, 최초 신규 1만원 이상  회차별 1천원 이상 원단위로 매월(월 초일부터 말일까지) 1백만원 이내에서 저축 가능(자세한 사항은 상품설명서 참조),,,,,,,,,,,,,,,,,,,,,,,,,,,,,
KB맑은바다적금," 연2.00%(12개월) ㆍ2021.09.06 현재, 세전, 1년제 기준 ㆍ우대이율 최고 연 0.8%p 포함 (자세한 우대이율 제공조건은 상품설명서 참조)",자유적립식 예금,1년제,,불가능,,,가능ㆍ계좌잔액의 95%까지 가능,가능ㆍ원금과 이자 포함 1인당 최고 5천만원까지 가능,ㆍ비과세종합저축으로 가입 가능,,ㆍ최저 연 0.1%,ㆍ만기일 이후 5년 이상 경과 시 ‘서민금융진흥원’으로 출연,,,ㆍ입금금액마다 약정이율로 계산 ※ 일수 : 입금일부터 만기일 전일까지,,가능,,불가능,,,,,,,,,,,,,,,,,,,,,, 월 1만원 이상 1백만원 이하 금액(원 단위)을 자유롭게 저축 만기일 전일까지 저축 가능불가능불가능가능가능ㆍ계좌잔액의 95%까지 가능가능ㆍ원금과 이자 포함 1인당 최고 5천만원까지 가능ㆍ비과세종합저축으로 가입 가능ㆍ입금금액마다 약정이율로 계산 ※ 일수 : 입금일부터 만기일 전일까지ㆍ최저 연 0.1%ㆍ만기일 이후 5년 이상 경과 시 ‘서민금융진흥원’으로 출연,,,,,,,,,,,,,,,,
KB국민ONE적금(정액적립식),"연2.50% 2021.09.06 현재, 세전, 3년 기준우대이율 최고 연 1.3%p 포함(자세한 우대이율 제공조건은 상품설명서 참조)",정액적립식,"1년제, 2년제, 3년제  ",,불가능 ,,가능,가능 계좌잔액의 95%까지 가능 ,가능원금과 이자 포함 1인당 최고 5천만원까지 가능,,, 최저 연 0.1% , 만기일 이후 5년이상 경과 시 ‘서민금융진흥원’으로 출연 ,,,,,,,불가능,,,,,,비과세종합저축으로 가입 가능, {월저축금 × 계약월수 × (계약월수+1)/2} × (연이율/12),," 1만원 이상~50만원 이하  원단위, 매월 약정한 날짜에 동일금액 저축(1인 1계좌 제한) ",,,,,,,,,,,,,,,,,,,,,,,,,,,,,
KB반려행복적금,"연 2.85%ㆍ2021.09.06 현재 세전, 36개월 자유적립 기준 ㆍ우대이율 최고 연 1.5%p 포함 (자세한 우대이율 제공조건 상품설명서 참조)",자유적립식,12개월 이상~36개월 이하월단위,,불가능,,가능,가능계좌잔액의 95%까지 가능,가능원금과 이자 포함 1인당 최고 5천만원까지 가능,비과세종합저축으로 가입 가능,,최저 연0.1% ,만기일 이후 5년이상 경과 시 ‘서민금융진흥원’으로 출연,,,불가능,,,,불가능,,,,,ㆍ월 1만원~50만원(원단위)ㆍ자유적립 : 1인 3계좌 제한 (자세한 내용은 상품설명서 참조),,,,,,,,,,,,,,,,,,,,,,,,,,,,,,,,,
KB나라사랑적금(직업군인용),"연 5.60%ㆍ2020.10.12 현재, 세전, 3년제 기준 ㆍ우대이율 최고 연 3.5%p 포함 (자세한 우대이율 제공조건은 상품설명서 참조)",자유적립식,1년 이상~3년 이하연단위,,불가능,,가능,가능계좌잔액의 95%까지 가능,가능원금과 이자 포함 1인당 최고 5천만원까지 가능,비과세종합저축으로 가입 가능,,최저 연0.1% ,만기일 이후 5년이상 경과 시 ‘서민금융진흥원’으로 출연,,,입금금액마다 약정이율로 계산 ※ 일수 : 입금일부터 만기일 전일까지,,,,불가능,,,,,"월 1천원~50만원회차별 1천원 이상 원단위로, 매월(월 초일부터 말일까지) 50만원 이하 저축 가능 ※ 1인 1계좌 제한",,,,,,,,,,,,,,,,,,,,,,,,,,,,,,,,,
KB가맹점우대적금,"연2.10% 2021.09.06 현재, 세전, 36개월 기준우대이율 최고 연 0.5%p 포함(자세한 우대이율 제공조건은 상품설명서 참조)",자유적립식,6개월 이상 ~ 36개월 이하  일단위 또는 월단위 ,,불가능,,불가능,가능 계좌잔액의 95%까지 가능 ,가능원금과 이자 포함 1인당 최고 5천만원까지 가능,,, 최저 연 0.1% , 만기일 이후 5년이상 경과 시 ‘서민금융진흥원’으로 출연 ,,,,,,,불가능,,,,,,비과세종합저축으로 가입 가능, 입금금액마다 예치기간별 약정이율로 계산 ※ 일수 : 입금일부터 만기일 전일까지 ,, 최초 신규 시 1만원 이상2회차이후 1천원이상 원단위로 월1천만원 이내  만기1개월전까지 입금 가능 (자세한 사항은 상품설명서 참조),,,,,,,,,,,,,,,,,,,,,,,,,,,,,
KB상호부금(자유적립식),,,,,,,,,,,,,,,,,,,,,,,,,,,,,,,,,,,,,,,,,,,,,,,,,,,,,,,,,,
e-파워자유적금,"연2.00% 2021.09.06 현재, 세전, 36개월 기준우대이율 최고 연 0.3%p 포함(자세한 우대이율 제공조건은 상품설명서 참조)",자유적립식,6개월 이상 ~ 36개월 이하  월단위 ,," ㅇ 단, 비대면채널을 통해 신청 가능",,가능,가능 계좌잔액의 95%까지 가능 ,가능원금과 이자 포함 1인당 최고 5천만원까지 가능,,, 최저 연 0.1% , 만기일 이후 5년이상 경과 시 ‘서민금융진흥원’으로 출연 ,,,,,,,불가능,,,,, 입금건별 1만원이상  월 5백만원 이내에서 만기 1개월 이전까지 자유롭게 저축 ,비과세종합저축으로 가입 가능, 입금금액마다 예치기간별 약정이율로 계산 ※ 일수 : 입금일부터 만기일 전일까지 ,,,,,,,,,,,,,,,,,,,,,,,,,,,,,,,
KB선생님든든적금,"연 2.15% ㆍ2021.09.06 현재, 세전, 36개월 기준  ㆍ우대이율 최고 연 0.7%p 포함 (자세한 우대이율 제공조건은 상품설명서 참조)",정액적립식정액적립 외 추가적립 가능(분기별 1회),6개월 이상 ~ 36개월 이하  월단위 ,,불가능,,,가능계좌잔액의 95%까지 가능,가능원금과 이자 포함 1인당 최고 5천만원까지 가능,비과세종합저축으로 가입 가능,,최저 연 0.1% ,만기일 이후 5년이상 경과 시 ‘서민금융진흥원’으로 출연,,,ㆍ정액적립분 : {월저축금 × 계약월수 × (계약월수+1)/2} × (연이율/12)ㆍ추가적립분 : 입금금액 × 약정이율 × 일수(입금일~만기일 전일)/365   ※ 입금금액마다 입금일부터 만기일 전일까지의 기간에 대하여 약정이율로 계산한 이자를 합계(원미만 절사),,가능,,불가능,,가능,,,,,,,,,,ㆍ정액적립 : 월 10만원 이상 ㆍ추가적립 : 분기별 3백만원 이하 추가적립은 저축일 현재 미납회차가 없는 계좌로 분기별 1회에 한하여 만기 전일까지 저축 가능,,,,,,,,,,,,,,,,,,,,,,,,,,
KB국민프리미엄적금 (자유적립식),"정액 적립식: 연 3.05%자유 적립식: 연 2.95% 2021.09.06 현재, 세전, 60개월 기준우대이율 최고 연 1.3%p 포함(자세한 우대이율 제공조건은 상품설명서 참조)",정액/자유적립식,12개월 이상~60개월 이하  월단위 ,,불가능,,가능,가능 계좌잔액의 95%까지 가능 ,가능원금과 이자 포함 1인당 최고 5천만원까지 가능,,, 최저 연 0.1% , 만기일 이후 5년이상 경과 시 ‘서민금융진흥원’으로 출연 ,,,,,,,불가능,,,,,,비과세종합저축으로 가입 가능,- 자유적립식 : 입금금액 × 약정이율 × 일수(입금일~만기일 전일)/365  ※ 입금금액마다 입금일부터 만기일 전일까지의 기간에 대하여 약정이율로 계산한 이자를 합계(원미만 절사)- 정액적립식 : {월저축금 × 계약월수 × (계약월수+1)/2} × (연이율/12) ,, 회차별 1만원 이상  매월 3백만원이내 저축 가능※ 1인1계좌 제한※자유적립식: 만기 1개월 전까지 저축 가능,,,,,,,,,,,,,,,,,,,,,,,,,,,,,
KB골든라이프연금우대적금,"연1.50% 2021.09.06 현재, 세전, 1년 기준우대이율 최고 연 0.2%p 포함(자세한 우대이율 제공조건은 상품설명서 참조)",자유적립식,1년제  ,,"가능 가입 시 등 재예치를 신청하는 경우에만, 1년 단위로 4회까지 자동 재예치 ",,불가능,가능 계좌잔액의 95%까지 가능 ,가능원금과 이자 포함 1인당 최고 5천만원까지 가능,,, 최저 연 0.1% , 만기일 이후 5년이상 경과 시 ‘서민금융진흥원’으로 출연 ,,,,,,,불가능,,,,,,비과세종합저축으로 가입 가능, 입금금액마다 예치기간별 약정이율로 계산 ※ 일수 : 입금일부터 만기일 전일까지 ,," 최초 신규 시 1만원 이상  회차별 1만원 이상 원단위로, 매월3백만원 이내에서 저축 가능 ",,,,,,,,,,,,,,,,,,,,,,,,,,,,,
KB국민첫재테크적금,"연2.20% 2021.09.06 현재, 세전, 3년 기준우대이율 최고 연 0.5%p 포함(자세한 우대이율 제공조건은 상품설명서 참조)",자유적립식,3년제  ,,불가능,,가능,가능 계좌잔액의 95%까지 가능 ,가능원금과 이자 포함 1인당 최고 5천만원까지 가능,,, 최저 연 0.1% , 만기일 이후 5년이상 경과 시 ‘서민금융진흥원’으로 출연 ,,,,,,,불가능,,,,,,비과세종합저축으로 가입 가능, 입금금액마다 약정이율로 월복리 계산 ※ 입금건별 이자 계산산식: 입금금액 × [{(1+연이율/12)^예치월수} × {1+(연이율 × 잔여일수/365)}-1] ,, 1만원 이상~30만원 이하  회차별 1만원 이상 원단위 만기 1개월 전까지만 저축가능※1인1계좌 제한,,,,,,,,,,,,,,,,,,,,,,,,,,,,,
KB상호부금(정액적립식),,,,,,,,,,,,,,,,,,,,,,,,,,,,,,,,,,,,,,,,,,,,,,,,,,,,,,,,,,
KB국민프리미엄적금 (정액적립식),"정액 적립식: 연 3.05%자유 적립식: 연 2.95% 2021.09.06 현재, 세전, 60개월 기준우대이율 최고 연 1.3%p 포함(자세한 우대이율 제공조건은 상품설명서 참조)",정액/자유적립식,12개월 이상~60개월 이하  월단위 ,,불가능,,가능,가능 계좌잔액의 95%까지 가능 ,가능원금과 이자 포함 1인당 최고 5천만원까지 가능,,, 최저 연 0.1% , 만기일 이후 5년이상 경과 시 ‘서민금융진흥원’으로 출연 ,,,,,,,불가능,,,,,,비과세종합저축으로 가입 가능,- 자유적립식 : 입금금액 × 약정이율 × 일수(입금일~만기일 전일)/365  ※ 입금금액마다 입금일부터 만기일 전일까지의 기간에 대하여 약정이율로 계산한 이자를 합계(원미만 절사)- 정액적립식 : {월저축금 × 계약월수 × (계약월수+1)/2} × (연이율/12) ,, 회차별 1만원 이상  매월 3백만원이내 저축 가능※ 1인1계좌 제한※자유적립식: 만기 1개월 전까지 저축 가능,,,,,,,,,,,,,,,,,,,,,,,,,,,,,
내 아이를 위한 280일 적금," 연 2.05%2021.09.06 현재, 세전, 1년제 기준※ 우대이율 최고 연 0.8%p 포함(자세한 우대이율 제공조건은 상품설명서 참조)", 자유적립식,6개월 이상 12개월 이하 (월단위/일단위) ,,불가능,,,가능계좌잔액의 95%까지 가능,가능원금과 이자 포함 1인당 최고 5천만원까지 가능, ㆍ 비과세종합저축으로 가입 가능,, ㆍ 최저 연 0.1% , ㆍ 만기일 이후 5년이상 경과 시 ‘서민금융진흥원’으로 출연,,,ㆍ 입금금액마다 약정이율로 계산 ※ 일수 : 입금일부터 만기일 전일까지,,가능,,불가능,,,,,,,,,,,,월 1만원 이상 100만원 이하 금액(원 단위)을 자유롭게 저축 만기 전일까지 저축 가능,,,,,,,,,,,,,,,,,,,,,,,,,,
The 주는 Liiv M 적금,"연1.75%(24개월)ㆍ2021.09.06 현재, 세전, 2년제 기준                         ㆍ우대이율 최고 연 0.5%p 포함                        (자세한 우대이율 제공조건은 상품설명서 참조)",정액적립식 예금,"1년제, 2년제",,불가능,,,가능,가능,비과세종합저축으로 가입 가능,,최저 연 0.1%,만기일 이후 5년 이상 경과 시 ‘서민금융진흥원’으로 출연,,,{월저축금 × 계약월수 × (계약월수+1)/2} × (연이율/12),,불가능,,불가능,,,,,,,,,,,,,,,,,,,,월 1십만원 이상 1백만원 이하 금액(원 단위)매월 약정한 날짜에 동일한 금액을 저축,월 1십만원 이상 1백만원 이하 금액(원 단위)매월 약정한 날짜에 동일한 금액을 저축,,,,,,,,,,,,,,,,,
KB매직카적금,"연2.10% 2021.09.06 현재, 세전, 3년 기준우대이율 최고 연 0.5%p 포함(자세한 우대이율 제공조건은 상품설명서 참조)",자유적립식,"1년제, 2년제, 3년제  ",,불가능 ,,가능,가능 계좌잔액의 95%까지 가능 ,가능원금과 이자 포함 1인당 최고 5천만원까지 가능,,, 최저 연 0.1% , 만기일 이후 5년이상 경과 시 ‘서민금융진흥원’으로 출연 ,,,,,,,불가능,,,,,,비과세종합저축으로 가입 가능, 입금금액마다 예치기간별 약정이율로 계산 ※ 일수 : 입금일부터 만기일 전일까지 ,, 회차별 1만원 이상  원단위로 매월(월 초일부터 말일까지)1백만원 이내에서 저축 가능 ※ 1인 1계좌 제한 ,,,,,,,,,,,,,,,,,,,,,,,,,,,,,
사업자우대적금,"연2.45% 2021.09.06 현재, 세전, 36개월 기준우대이율 최고 연 1.0%p 포함(자세한 우대이율 제공조건은 상품설명서 참조)",정액적립식,12개월 이상 ~ 36개월 이하  월단위 ,,불가능 ,,가능,가능 계좌잔액의 95%까지 가능 ,가능원금과 이자 포함 1인당 최고 5천만원까지 가능,,, 최저 연 0.1% , 만기일 이후 5년이상 경과 시 ‘서민금융진흥원’으로 출연 ,,,,,,,불가능,,,,,,비과세종합저축으로 가입 불가, {월저축금 × 계약월수 × (계약월수+1)/2} × (연이율/12),,월 1만원이상 1인(업체)당 최대 1천만원 이하 ,,,,,,,,,,,,,,,,,,,,,,,,,,,,,
일반정기적금,"연1.35% 2021.09.06 현재, 세전, 36개월 기준우대이율 최고 연 0.1%p 포함(자세한 우대이율 제공조건은 상품설명서 참조)",정액적립식,6개월이상 ~ 36개월이하  월단위 ,,불가능 ,,가능,가능 계좌잔액의 95%까지 가능 ,가능원금과 이자 포함 1인당 최고 5천만원까지 가능,,, 최저 연 0.1% , 만기일 이후 5년이상 경과 시 ‘서민금융진흥원’으로 출연 ,,,,,,,불가능,,,,,,비과세종합저축으로 가입 불가, {월저축금 × 계약월수 × (계약월수+1)/2} × (연이율/12),,최저 1만원 이상  원단위 ,,,,,,,,,,,,,,,,,,,,,,,,,,,,,
KB미소드림적금,"연4.0% 2020.06.05 현재, 세전, 5년제 기준 (자세한 우대이율 제공조건은 상품설명서 참조)",자유적립식,"1년, 2년, 3년, 4년, 5년  ",,불가능 ,,불가능,가능 계좌잔액의 95%까지 가능 ,가능원금과 이자 포함 1인당 최고 5천만원까지 가능,,, 최저 연 0.1% , 만기일 이후 5년이상 경과 시 ‘서민금융진흥원’으로 출연 ,,,,,,,불가능,,,,,,비과세종합저축으로 가입 가능, 입금금액마다 예치기간별 약정이율로 계산 ※ 일수 : 입금일부터 만기일 전일까지 ,, 회차별 1만원 이상  원단위로 매월(월 초일부터 말일까지)10만원 이내에서 저축 가능 ※ 월 입금 가능 횟수 제한 없음※ 1인 1계좌 제한 ,,,,,,,,,,,,,,,,,,,,,,,,,,,,,
KB주택연금지킴이통장,,, 제한없음 ,,,,,불가능,가능원금과 이자 포함 1인당 최고 5천만원까지 가능,,,,이자지급을 포함한 최종거래일로부터 5년 이상 경과 시 ‘서민금융진흥원’으로 출연,,,,,,,,,,,,,비과세종합저축으로 가입 가능,,,,,,,,,,,,,,,,, 5천만원 미만: 연 0.10% 5천만원 이상: 연 0.10% (자세한 금리 요건은 상품설명서 참조),"제한있음 실명의 개인(주택연금 수령고객, 1인1계좌)(자세한 가입자격은 상품설명서 참조)", 제한있음   0원 계좌로만 개설 가능 , 제한없음 ,가능- 전자금융 이체수수료(다른은행으로 보낼 때) - KB국민은행 자동화기기 시간외출금수수료- KB국민은행 자동화기기 다른은행 이체수수료, 매일의 최종잔액에 대하여 영업점에 게시한 이율 적용 ," 매년 2월, 5월, 8월, 11월의 둘째 금요일 ", 이자계산 기준일 다음 일자 ,,,,,,,,
ONE KB 사업자통장,,, 제한없음 ,,,,,불가능,가능원금과 이자 포함 1인당 최고 5천만원까지 가능,,,,이자지급을 포함한 최종거래일로부터 5년 이상 경과 시 ‘서민금융진흥원’으로 출연,,,,,,,,,,,,,비과세종합저축으로 가입 불가,,,,,,,,,,,,,,,,, - 보통/기업자유: 연 0.10%- 기업MMDA: 금액별 적용 (자세한 금리 요건은 상품설명서 참조),"제한있음- 개인사업자, 법인, 임의단체 등(자세한 가입자격은 상품설명서 참조)", 제한없음 , 제한없음 ,가능- KB국민은행 ATM 시간외 출금수수료 - 다른은행 ATM 출금수수료(월10회) 등(자세한 수수료 면제 요건은 상품설명서 참조), 매일의 최종잔액에 대하여 KB국민은행 영업점 및 홈페이지에 게시한 이율 적용 ,"- 보통예금: 매년 6월, 12월의 둘째 금요일- 기업자유예금: 매년 3월, 6월, 9월, 12월의 둘째 금요일 ", 이자계산 기준일 다음 일자 ,,,,,,,,
KB e-Commerce 채권양도 전용계좌(통장),,,,,,,,,,,,,,,,,,,,,,,,,,,,,,,,,,,,,,,,,,,,,,,,,,,,,,,,,,
KB마이핏통장,연 1.5%비상금이율 적용조건 충족시                        (비상금이율 적용조건은 상품설명서 참조),,제한 없음,제한 없음,,,,불가능,가능,비과세종합저축으로 가입 가능,,,,만 18세 이상 만 38세 이하실명의 개인(1인 1계좌),,,,,,,, 머니쪼개기 서비스  계획적인 돈관리를 도와주는 통장 속 목적별 자금관리박스(기본비·생활비·비상금 박스) 제공,,,,,,,,,,,,,,,,,,,,,,,,,가능,,,,,,,,,,,
KB군인연금평생안심통장,,, 제한없음 ,,,,,불가능,가능원금과 이자 포함 1인당 최고 5천만원까지 가능,,,,이자지급을 포함한 최종거래일로부터 5년 이상 경과 시 ‘서민금융진흥원’으로 출연,,,,,,,,,,,,,비과세종합저축으로 가입 가능,,,,,,,,,,,,,,,,, 5천만원 미만: 연 0.10% 5천만원 이상: 연 0.10% (자세한 금리 요건은 상품설명서 참조),"제한있음- 실명의 개인(군인연금 수령고객, 1인 1계좌)(자세한 가입자격은 상품설명서 참조)", 제한있음  - 0원 계좌로만 개설 가능 , 제한없음 ,가능- 전자금융 이체수수료(다른은행으로 보낼 때) - KB국민은행 자동화기기 시간외출금수수료- KB국민은행 자동화기기 다른은행 이체수수료- 창구이용 다른은행 송금수수료(통장연동) , 매일의 최종잔액에 대하여 영업점에 게시한 이율 적용 ," 매년 2월, 5월, 8월, 11월의 둘째 금요일 ", 이자계산 기준일 다음 일자 ,,,,,,,,
KB Young Youth 어린이통장,연 2.0%ㆍ기본이율 : 연 0.1% ㆍ특별이율 : 연 2.0% (기본이율 포함) (자세한 우대이율 요건은 상품설명서 참조),,제한없음,,,,,불가능,가능ㆍ원금과 이자 포함 1인당 최고 5천만원까지 가능,,,,ㆍ이자지급을 포함한 최종거래일로부터 5년 이상 경과 시 ‘서민금융진흥원’으로 출연,,,,,,,,,ㆍ저금통기능(자세한 내용은 상품설명서 참조),,,,,,,,,,,,,,,,,,,,,,제한있음ㆍ만 14세 미만 (KB Young Youth 청소년통장을 포함하여 1인 1통장)(자세한 가입자격은 상품설명서 참조),제한없음,제한없음,불가능,ㆍ매일의 최종 잔액에 대하여 영업점에 게시한 이율 적용,"ㆍ매년 2월, 5월, 8월, 11월의 둘째 금요일",ㆍ이자계산 기준일 다음 일자,,,,,,,,
KB Young Youth 청소년통장,,,제한없음,,,,,불가능,가능ㆍ원금과 이자 포함 1인당 최고 5천만원까지 가능,,,,ㆍ이자지급을 포함한 최종거래일로부터 5년 이상 경과 시 ‘서민금융진흥원’으로 출연,,,,,,,,,ㆍ항공마일리지적립서비스 (자세한 내용은 상품설명서 참조),,,,,,,,,,,,,,,,,,,,,연 0.1%,제한있음ㆍ만 14세 이상 ~ 만 19세 미만 (KB Young Youth 어린이통장을 포함하여 1인 1통장)(자세한 가입자격은 상품설명서 참조),제한없음,제한없음,가능ㆍ전자금융 이체수수료(다른은행으로 보낼 때)ㆍKB국민은행 자동화기기 시간외출금수수료,ㆍ매일의 최종 잔액에 대하여 영업점에 게시한 이율 적용,"ㆍ매년 2월, 5월, 8월, 11월의 둘째 금요일",ㆍ이자계산 기준일 다음 일자,,,,,,,,
KB able Plus통장,,,제한없음,,,,,불가능,가능ㆍ원금과 이자 포함 1인당 최고 5천만원까지 가능,ㆍ비과세종합저축으로 가입 가능,,,ㆍ이자지급을 포함한 최종거래일로부터 5년 이상 경과 시 ‘서민금융진흥원’으로 출연,,,,,,,,,ㆍ증권거래  (자세한 내용은 상품설명서 참조) ,,,,,,,,,,,,,,,,,,,,,ㆍ보통예금 : 연0.1% ㆍ저축예금  [5천만원 미만] 연0.10%  [5천만원 이상] 연0.15%  (자세한 내용은 상품설명서 참조),제한있음ㆍ거주자로서 국민인 실명의 개인,제한없음,제한없음,가능ㆍ전자금융 이체수수료(다른은행으로 보낼 때) ㆍKB국민은행 자동화기기 시간외출금수수료 ㆍ납부자자동이체(타행자동이체 포함)수수료 ,ㆍ매일의 최종 잔액에 대하여 영업점에 게시한 이율 적용,,ㆍ이자계산 기준일 다음 일자,,,,,,,,
KB보육&복지시설우대통장,ㆍ보통예금 : 연0.1% ㆍ기업자유예금 : 연0.1%,,제한없음,,,,,불가능,가능ㆍ원금과 이자 포함 1인당 최고 5천만원까지 가능,ㆍ비과세종합저축으로 가입 불가,,,ㆍ이자지급을 포함한 최종거래일로부터 5년 이상 경과 시 ‘서민금융진흥원’으로 출연,,,,,,,,,,,,,,,,,,,,,,,,,,,,,,,제한있음ㆍ보육시설 및 복지시설 운영(예정)자(자세한 가입자격은 상품설명서 참조),제한없음,제한없음,가능ㆍ 전자금융 이체수수료(다른은행으로 보낼 때)ㆍ KB국민은행 자동화기기 시간외출금수수료 및 이체수수료(다른은행으로 보낼 때),ㆍ매일의 최종 잔액에 대하여 영업점에 게시한 이율 적용,"ㆍ보통예금 : 매년 6월, 12월의 둘째 금요일  ㆍ기업자유예금 : 매년 3월, 6월, 9월, 12월의 둘째 금요일",ㆍ이자계산 기준일 다음 일자,,,,,,,,
KB내맘대로프리랜서통장,,,,,,,,불가능,가능원금과 이자 포함 1인당 최고 5천만원까지 가능,,,,이자지급을 포함한 최종거래일로부터 5년 이상 경과 시 ‘서민금융진흥원’으로 출연,,,,,,,,,,,,,비과세종합저축으로 가입 가능,,,,,,,,,,,,,,,,,연0.1% (자세한 금리 요건은 상품설명서 참조),제한있음- 실명의 개인( 1인 1계좌)(자세한 가입자격은 상품설명서 참조), 제한없음 , 제한없음 ,가능- 전자금융 이체수수료(다른은행으로 보낼 때) - KB국민은행 자동화기기 시간외출금수수료 등 6종(자세한 수수료면제 혜택은 상품설명서 참조), 매일의 최종잔액에 대하여 영업점에 게시한 이율 적용 ," 매년 6월, 12월 둘째 금요일 ", 이자계산 기준일 다음 일자 ," 이 통장에서 제공하는 서비스(수수료면제, 보험서비스)를 직접 선택하여 이용(Do-It-Yourself) ",,,,,,,
KB부가세납부전용통장,,,,,,,,불가능,가능원금과 이자 포함 1인당 최고 5천만원까지 가능,,,,이자지급을 포함한 최종거래일로부터 5년 이상 경과 시 ‘서민금융진흥원’으로 출연,,,,,,,,,,,,,비과세종합저축으로 가입 불가,,,,,,,,,,,,,,,,,연0.1% (자세한 금리 요건은 상품설명서 참조),제한있음- 개인사업자 또는 법인 (자세한 가입자격은 상품설명서 참조), 제한없음 , 제한없음 ,불가능, 매일의 최종잔액에 대하여 영업점에 게시한 이율 적용 ," - 보통예금 : 매년 6월, 12월의 둘째 금요일 - 기업자유예금: 매년 3월, 6월, 9월, 12월의 둘째 금요일 ", 이자계산 기준일 다음 일자 ,, 금 관련 제품 및 스크랩 등 거래시 매매대금의 결제와 부가세 납부를 지원 ," 은행창구, KB기업인터넷뱅킹, KB기업뱅킹 앱 ",,,,,
KB짝꿍통장,  연 0.1% (자세한 우대이율 요건은 상품설명서 참조),,제한없음,,,,,불가능,가능원금과 이자 포함 1인당 최고 5천만원까지 가능,,,,이자지급을 포함한 최종거래일로부터 5년 이상 경과 시 ‘서민금융진흥원’으로 출연,,,,,,,,,불가능,,,,비과세종합저축으로 가입 가능,,,,,,,,,,,,,,,,,, 실명의 개인(1인 1계좌) 순수 개인 및 관련서류 미제출 임의단체만 가입 가능 ,제한없음,제한없음,가능KB국민은행 자동화기기 시간외출금수수료(자세한 수수료우대 혜택은 상품설명서 참조), 매일의 최종잔액에 대하여 영업점에 게시한 이율 적용 ," - 보통예금: 매년 6월, 12월의 둘째 금요일 - 저축예금: 매년 2월, 5월, 8월, 11월의 둘째 금요일", 이자계산 기준일 다음 일자 ,,,,,,,,
KB호국보훈지킴이통장,,, 제한없음 ,,,,,불가능,가능원금과 이자 포함 1인당 최고 5천만원까지 가능,,,,이자지급을 포함한 최종거래일로부터 5년 이상 경과 시 ‘서민금융진흥원’으로 출연,,,,,,,,,,,,,비과세종합저축으로 가입 가능,,,,,,,,,,,,,,,,, - 5천만원 미만: 연 0.10% - 5천만원 이상: 연 0.10% (자세한 금리 요건은 상품설명서 참조),"제한있음- 실명의 개인(보훈급여 수령고객, 1인 1계좌)(자세한 가입자격은 상품설명서 참조)", 제한있음  - 0원 계좌로만 개설 가능 , 제한없음 ,가능- 전자금융 이체수수료(다른은행으로 보낼 때) - KB국민은행 자동화기기 시간외출금수수료 , 매일의 최종잔액에 대하여 영업점에 게시한 이율 적용 ," 매년 2월, 5월, 8월, 11월의 둘째 금요일 ", 이자계산 기준일 다음 일자 ,,,,,,,,
KB공무원연금평생안심통장,,, 제한없음 ,,,,,불가능,가능원금과 이자 포함 1인당 최고 5천만원까지 가능,,,,이자지급을 포함한 최종거래일로부터 5년 이상 경과 시 ‘서민금융진흥원’으로 출연,,,,,,,,,,,,,비과세종합저축으로 가입 가능,,,,,,,,,,,,,,,,, 5천만원 미만: 연 0.10% 5천만원 이상: 연 0.10% (자세한 금리 요건은 상품설명서 참조),"제한있음- 실명의 개인(공무원연금 수령고객, 1인 1계좌)(자세한 가입자격은 상품설명서 참조)", 제한있음  - 0원 계좌로만 개설 가능 , 제한없음 ,가능- 전자금융 이체수수료(다른은행으로 보낼 때) - KB국민은행 자동화기기 시간외출금수수료- KB국민은행 자동화기기 다른은행 이체수수료- 창구이용 다른은행 송금수수료(통장연동) - 다른은행 자동화기기 출금수수료 , 매일의 최종잔액에 대하여 영업점에 게시한 이율 적용 ," 매년 2월, 5월, 8월, 11월의 둘째 금요일 ", 이자계산 기준일 다음 일자 ,,,,,,,,
KB국민ONE통장,,, 제한없음 ,,,,,불가능,가능원금과 이자 포함 1인당 최고 5천만원까지 가능,,,,이자지급을 포함한 최종거래일로부터 5년 이상 경과 시 ‘서민금융진흥원’으로 출연,,,,,,,,,,,,,비과세종합저축으로 가입 가능,,,,,,,,,,,,,,,,,- 보통예금 : 연0.10% - 저축예금  ㅇ5천만원 미만 : 연 0.10% ㅇ5천만원 이상 : 연 0.10%  (자세한 금리 요건은 상품설명서 참조),제한있음- 실명의 개인(1인 1계좌)(자세한 가입자격은 상품설명서 참조), 제한없음 , 제한없음 ,가능- 전자금융 이체수수료(다른은행으로 보낼 때) - KB국민은행 자동화기기 시간외출금수수료- 납부자 자동이체(타행자동이체 포함)수수료 등(자세한 수수료우대 혜택은 상품설명서 참조), 매일의 최종잔액에 대하여 영업점에 게시한 이율 적용 ," - 보통예금 : 매년 6월, 12월의 둘째 금요일  - 저축예금 : 매년 2월, 5월, 8월, 11월의 둘째 금요일", 이자계산 기준일 다음 일자 ,,,,,,,,
KB하도급지킴이통장,,, 제한없음 ,,,,,불가능,가능원금과 이자 포함 1인당 최고 5천만원까지 가능,,,,이자지급을 포함한 최종거래일로부터 5년 이상 경과 시 ‘서민금융진흥원’으로 출연,,,,,,,,,,,,,비과세종합저축으로 가입 불가,,,,,,,,,,,,,,,,,연0.1% (자세한 금리 요건은 상품설명서 참조),제한있음- 법인 및 개인사업자 (자세한 가입자격은 상품설명서 참조), 제한없음 , 제한없음 ,가능- 하도급관리시스템을 이용한 이체수수료 - 하도급관리시스템을 통한 조회서비스 이용수수료 , 매일의 최종잔액에 대하여 영업점에 게시한 이율 적용 ," 매년 3월, 6월, 9월, 12월의 둘째 금요일 ", 이자계산 기준일 다음 일자 ,,,,,,,,
KB골든라이프연금우대통장,연1.5% - 우대이율은 기본이율을 포함  (자세한 우대이율 요건은 상품설명서 참조),, 제한없음 ,,,,,불가능,가능원금과 이자 포함 1인당 최고 5천만원까지 가능,,,,이자지급을 포함한 최종거래일로부터 5년 이상 경과 시 ‘서민금융진흥원’으로 출연,,,,,,,,,,,,,비과세종합저축으로 가입 가능,,,,,,,,,,,,,,,,,,제한있음- 실명의 개인( 1인 1계좌)(자세한 가입자격은 상품설명서 참조), 제한없음 , 제한없음 ,가능- 전자금융 이체수수료(다른은행으로 보낼 때) - KB국민은행 자동화기기 시간외출금수수료 - 창구이용 다른은행 송금수수료(통장연동) - 납부자자동이체(타행 자동이체포함)수수료, 매일의 최종잔액에 대하여 영업점에 게시한 이율 적용 ," 매년 2월, 5월, 8월, 11월의 둘째 금요일 ", 이자계산 기준일 다음 일자 ,,,,,,,,
KB사학연금평생안심통장,연2.0% - 우대이율은 기본이율을 포함 (자세한 우대이율 요건은 상품설명서 참조),, 제한없음 ,,,,,불가능,가능원금과 이자 포함 1인당 최고 5천만원까지 가능,,,,이자지급을 포함한 최종거래일로부터 5년 이상 경과 시 ‘서민금융진흥원’으로 출연,,,,,,,,,,,,,비과세종합저축으로 가입 가능,,,,,,,,,,,,,,,,,,"제한있음- 실명의 개인(사립학교교직원연금 수령고객, 1인 1계좌)(자세한 가입자격은 상품설명서 참조)", 제한있음  - 0원 계좌로만 개설 가능 , 제한없음 ,가능- 전자금융 이체수수료(다른은행으로 보낼 때) - KB국민은행 자동화기기 시간외출금수수료- KB국민은행 자동화기기 다른은행 이체수수료- KB창구이용 다른은행 송금수수료(통장연동), 매일의 최종잔액에 대하여 영업점에 게시한 이율 적용 ," 매년 2월, 5월, 8월, 11월의 둘째 금요일 ", 이자계산 기준일 다음 일자 ,,,,,,,,
KB주거행복 월세통장,,,,,,,,불가능,가능원금과 이자 포함 1인당 최고 5천만원까지 가능,,,,이자지급을 포함한 최종거래일로부터 5년 이상 경과 시 ‘서민금융진흥원’으로 출연,,,,,,,,,,,,,비과세종합저축으로 가입 가능,,,,,,,,,,,,,,,,, - 5천만원 미만: 연 0.10% - 5천만원 이상: 연 0.10% (자세한 금리 요건은 상품설명서 참조),제한있음- 실명의 개인(1인 1계좌)(자세한 가입자격은 상품설명서 참조), 제한없음 , 제한없음 ,가능불가능, 매일의 최종잔액에 대하여 영업점에 게시한 이율 적용 ," 매년 2월, 5월, 8월, 11월의 둘째 금요일 ", 이자계산 기준일 다음 일자 ,, 「KB주거행복 월세대출」약정 전용 통장 ,,,,,,
KB WELCOME통장,,, 제한없음 ,,,,,불가능,가능원금과 이자 포함 1인당 최고 5천만원까지 가능,,,,이자지급을 포함한 최종거래일로부터 5년 이상 경과 시 ‘서민금융진흥원’으로 출연,,,,,,,,, 환전수수료 및 외화 송금 수수료 우대 ,,,, 비과세종합저축으로 가입 가능  소득세법에 의한 거주자에 한함 ,,,,,,,,,,,,,,,,,- 보통예금: 연0.10% - 저축예금  ㅇ5천만원 미만 : 연 0.10% ㅇ5천만원 이상 : 연 0.10%  (자세한 금리 요건은 상품설명서 참조),제한있음- 외국인(자세한 가입자격은 상품설명서 참조), 제한없음 , 제한없음 ,가능- 전자금융 이체수수료(다른은행으로 보낼 때) - KB국민은행 자동화기기 시간외출금수수료- KB국민은행 자동화기기 다른은행 이체수수료- 다른은행 자동화기기 출금수수료 (자세한 수수료우대 혜택은 상품설명서 참조), 매일의 최종잔액에 대하여 영업점에 게시한 이율 적용 ," - 보통예금 : 매년 6월, 12월의 둘째 금요일  - 저축예금 : 매년 2월, 5월, 8월, 11월의 둘째 금요일", 이자계산 기준일 다음 일자 ,,,,,,,,
KB나라사랑우대통장, 연 2.0% - 기본이율 : 연 0.1% - 우대이율 : 연 1.9% (자세한 우대이율 요건은 상품설명서 참조),, 제한없음 ,,,,,불가능,가능원금과 이자 포함 1인당 최고 5천만원까지 가능,,,,이자지급을 포함한 최종거래일로부터 5년 이상 경과 시 ‘서민금융진흥원’으로 출연,,,,,,,,,,,,,비과세종합저축으로 가입 가능,,,,,,,,,,,,,,,,,,제한있음- 실명의 개인인 국군장병 (1인 1통장) (자세한 가입자격은 상품설명서 참조), 제한없음 , 제한없음 ,가능- 전자금융 이체수수료(다른은행으로 보낼 때) - KB국민은행 자동화기기 시간외출금수수료 , 매일의 최종잔액에 대하여 영업점에 게시한 이율 적용 ," 매년 2월, 5월, 8월, 11월의 둘째 금요일 ", 이자계산 기준일 다음 일자 ,,,, - 국군재정관리단 급여 - 통합자금관리시스템 급여 - 군인공제회 급여 - 직전 3개월 동안 2개월 이상 / 한 항목이상 해당하는 경우- 결산기 평균잔액 중 100만원 이하 금액까지,,,,
직장인우대종합통장,,, 제한없음 ,,,,,불가능,가능원금과 이자 포함 1인당 최고 5천만원까지 가능,,,,이자지급을 포함한 최종거래일로부터 5년 이상 경과 시 ‘서민금융진흥원’으로 출연,,,,,,,,,,,,," 비과세종합저축으로 가입 가능  보통예금, 가계당좌예금 불가",,,,,,,,,,,,,,,,,연0.1% (자세한 금리 요건은 상품설명서 참조),제한있음- 실명의 개인으로 1인1계좌(자세한 가입자격은 상품설명서 참조), 제한없음 , 제한없음 ,가능- 전자금융 이체수수료(다른은행으로 보낼 때) - KB국민은행 자동화기기 시간외출금수수료- KB국민은행 자동화기기 이체수수료 (다른은행으로 보낼 때)- 다른은행 자동화기기 출금수수료 (자세한 수수료우대 혜택은 상품설명서 참조), 매일의 최종잔액에 대하여 영업점에 게시한 이율 적용 ," - 보통예금: 매년 6월, 12월의 둘째 금요일- 저축예금: 매년 2월, 5월, 8월, 11월의 둘째 금요일- 가계당좌예금: 매년 3월, 6월, 9월, 12월의 둘째 금요일", 이자계산 기준일 다음 일자 ,,,,,,,,
국민아파트생활통장,,,,,,,,불가능,가능원금과 이자 포함 1인당 최고 5천만원까지 가능,,,,이자지급을 포함한 최종거래일로부터 5년 이상 경과 시 ‘서민금융진흥원’으로 출연,,,,,,,,,,,,,"비과세종합저축으로 가입 가능 보통예금, 기업자유예금 가입불가 ",,,,,,,,,,,,,,,,,- 보통예금/기업자유예금:  연0.1% - 저축예금  ㅇ5천만원 미만 : 연 0.10% ㅇ5천만원 이상 : 연 0.10%  (자세한 금리 요건은 상품설명서 참조),제한있음- 아파트관리사무소 또는 아파트관리사무소 대표자- 아파트관리비 자동납부를 원하는 개인 , 제한없음 , 제한없음 ,가능- 전자금융 이체수수료(다른은행으로 보낼 때) - KB국민은행 자동화기기 시간외출금수수료 등 (자세한 수수료우대 요건은 상품설명서 참조) , 매일의 최종잔액에 대하여 영업점에 게시한 이율 적용 ," - 보통예금: 매년 6월, 12월의 둘째 금요일- 저축예금: 매년 2월, 5월, 8월, 11월의 둘째 금요일- 기업자유예금: 매년 3월, 6월, 9월, 12월의 둘째 금요일", 이자계산 기준일 다음 일자 ,,,,, 개인이 이 통장(저축예금)으로 아파트관리비를 자동이체 할 경우  : 연 0.15% ,,,
KB우대저축통장 (개인 MMDA),,,,,,,,불가능,가능원금과 이자 포함 1인당 최고 5천만원까지 가능,,,,이자지급을 포함한 최종거래일로부터 5년 이상 경과 시 ‘서민금융진흥원’으로 출연,,,,,,,,,,,,,비과세종합저축으로 가입 가능,,,,,,,,,,,,,,,,, 예치금액별 차등 적용  (자세한 금리 요건은 상품설명서 참조),제한있음- 실명의 개인 (자세한 가입자격은 상품설명서 참조),가능- 최소 5백만원 이상(신규개설 후 잔액 5백만원 미만 거래가능), 제한없음 ,불가능, 매일의 최종잔액에 대하여 영업점에 게시한 이율 적용 ," 매년 2월, 5월, 8월, 11월의 둘째 금요일 ", 이자계산 기준일 다음 일자 ,,,,,, 제한없음 ,,
가계당좌예금,,,,,,,,,,,,,,,,,,,,,,,,,,,,,,,,,,,,,,,,,,,,,,,,,,,,,,,,,,
KB종합통장,,,,,,,,불가능,가능원금과 이자 포함 1인당 최고 5천만원까지 가능,,,,이자지급을 포함한 최종거래일로부터 5년 이상 경과 시 ‘서민금융진흥원’으로 출연,,,,,,,,,,,,,"비과세종합저축으로 가입 가능 보통예금, 가계당좌예금, 기업자유예금 불가 ",,,,,,,,,,,,,,,,,- 보통예금/가계당좌/기업자유:  연0.10% -저축예금  ㅇ5천만원 미만 : 연 0.10% ㅇ5천만원 이상 : 연 0.10%  (자세한 금리 요건은 상품설명서 참조) , 제한없음 , 제한없음 , 제한없음 ,불가능, 매일의 최종잔액에 대하여 영업점에 게시한 이율 적용 ," - 보통예금: 매년 6월, 12월의 둘째 금요일- 저축예금: 매년 2월, 5월, 8월, 11월의 둘째 금요일- 가계당좌, 기업자유예금: 매년 3월, 6월, 9월, 12월의 둘째 금요일", 이자계산 기준일 다음 일자 ,,,,,, 제한없음 ,,
KB행복지킴이통장,,, 제한없음 ,,,,,불가능,가능원금과 이자 포함 1인당 최고 5천만원까지 가능,,,,이자지급을 포함한 최종거래일로부터 5년 이상 경과 시 ‘서민금융진흥원’으로 출연,,,,,,,,,,,,,비과세종합저축으로 가입 가능,,,,,,,,,,,,,,,,, 5천만원 미만: 연 0.10% 5천만원 이상: 연 0.10% (자세한 금리 요건은 상품설명서 참조),제한있음- 각 관계법령에서 정한 수급대상자 (자세한 가입자격은 상품설명서 참조), 제한있음  - 0원 계좌로만 개설 가능 , 제한없음 ,가능- 전자금융 이체수수료(다른은행으로 보낼 때) - KB국민은행 자동화기기 시간외출금수수료 , 매일의 최종잔액에 대하여 영업점에 게시한 이율 적용 ," 매년 2월, 5월, 8월, 11월의 둘째 금요일 ", 이자계산 기준일 다음 일자 ,,,,,,,,
KB국민연금安心통장,,, 제한없음 ,,,,,불가능,가능원금과 이자 포함 1인당 최고 5천만원까지 가능,,,,이자지급을 포함한 최종거래일로부터 5년 이상 경과 시 ‘서민금융진흥원’으로 출연,,,,,,,,,,,,,비과세종합저축으로 가입 가능,,,,,,,,,,,,,,,,, 5천만원 미만: 연 0.10% 5천만원 이상: 연 0.10% (자세한 금리 요건은 상품설명서 참조),"제한있음- 실명의 개인(국민연금 수령고객, 1인 1계좌)(자세한 가입자격은 상품설명서 참조)", 제한있음  - 0원 계좌로만 개설 가능 , 제한없음 ,가능- 전자금융 이체수수료(다른은행으로 보낼 때) - KB국민은행 자동화기기 시간외출금수수료 , 매일의 최종잔액에 대하여 영업점에 게시한 이율 적용 ," 매년 2월, 5월, 8월, 11월의 둘째 금요일 ", 이자계산 기준일 다음 일자 ,,,,,,,,
KB국민희망지킴이통장,연3.0% - 최고금리는 기본이율과 우대이율을 포함  (자세한 우대이율 요건은 상품설명서 참조),, 제한없음 ,,,,,불가능,가능원금과 이자 포함 1인당 최고 5천만원까지 가능,,,,이자지급을 포함한 최종거래일로부터 5년 이상 경과 시 ‘서민금융진흥원’으로 출연,,,,,,,,,,,,,비과세종합저축으로 가입 가능,,,,,,,,,,,,,,,,,,"제한있음- 실명의 개인(산업재해보험급여수령고객, 1인 1계좌)(자세한 가입자격은 상품설명서 참조)", 제한있음  - 0원 계좌로만 개설 가능 , 제한없음 ,가능- 전자금융 이체수수료(다른은행으로 보낼 때) - KB국민은행 자동화기기 시간외출금수수료 , 매일의 최종잔액에 대하여 영업점에 게시한 이율 적용 ," 매년 2월, 5월, 8월, 11월의 둘째 금요일 ", 이자계산 기준일 다음 일자 ,,,,,,,,
주택청약종합저축," 최고금리 연 1.8% - 기본이율(연0 ~ 1.8%) ※ 가입기간에 따른 금리적용, 정부고시 변동금리 적용",,,,,,, 예금담보대출 가능가능, 예금자보호 불가능주택도시기금 조성재원으로 정부가 관리, 세제혜택 가능비과세종합저축으로 가입 가능,,,,,,,,,, 일부해지 불가능해지 시 원금과 이자 일괄 지급,,,,,,,,,,,,,,,,,,,,,,,,,,,,,,,,,,,,," 납입기간 가입일로부터 입주자로 선정된 날까지(단, 분양전환 되지 않는 임대주택 입주자로 선정된 경우 제외)"," 적립 방법 및 금액 매월 약정납입일(신규 가입일 해당일 또는 전환가입일 해당일)에 2만원 ~ 50만원 이하의 금액을 10원단위로 납입※ 단, 입금하려는 금액과 납입누계액의 합이 1,500만원 이하인 경우 50만원을 초과하여 입금 가능※ 월저축금이 매월 약정납입일을 초과하여 입금되면 연체일수가 발생하며, 국민주택 청약 시 순위발생이 지연될 수 있음"
청년우대형 주택청약종합저축," 최고금리 연 3.3% - 기본이율(연0 ~ 1.8%) ※ 가입기간에 따른 금리적용, 정부고시 변동금리 적용- 우대이율(연1.5%p) ※ 가입기간 2년 이상인 경우 무주택기간에 따라 원금 5천만원 한도로 최대 10년 동안 적용(자세한 우대이율 요건은 상품설명서 확인)",,,,,,, 예금담보대출 가능가능, 예금자보호 불가능주택도시기금 조성재원으로 정부가 관리," 세제혜택 가입(전환)일 기준 무주택세대의 세대주로서「조세특례제한법」제87조, 제129조의2, 제146조의2 및 동법 시행령 제81조, 제123조의2, 제137조의2에서 정하는 세부사항(대상,요건, 범위 등) 충족 시 가입기간 2년 이상 유지한 계좌의 이자소득 500만원(납입금액 600만원 한도)에 대해 비과세 적용 가능(우대이율 적용 요건과 상이함)",,,,,,,,,, 일부해지 불가능해지 시 원금과 이자 일괄 지급,,,,,,,,,,,,,,,,,,,,,,,,,,,,,,,,,,,,," 납입기간 가입(전환)일로부터 입주자로 선정된 날까지(단, 분양전환 되지 않는 임대주택 입주자로 선정된 경우에는 계속 납입 가능)											"," 적립 방법 및 금액 매월 약정납입일(신규가입일 해당일 또는 전환가입일 해당일)에 2만원 ~ 50만원 이하의 금액을 10원 단위로 납입※ 단, 입금하려는 금액과 납입누계액의 합이 1,500만원 이하인 경우 50만원을 초과하여 입금 가능※ 월저축금을 매월 약정납압일을 경과하여 입금 시 지연일수가 발생하며, 국민주택 청약 시 순위발생이 지연될 수 있음											"
